{"info":{"_postman_id":"5d4ae721-c9bd-40b0-ba2a-3eeef7135d63","name":"Table Reservation API","description":"Implemented by Asad Jahangir","schema":"https://schema.getpostman.com/json/collection/v2.1.0/collection.json"},"item":[{"name":"booking","item":[{"name":"{id}","item":[{"name":"booking retrieve","id":"3988bb2c-8182-4cb2-b5a8-749d5edcfc51","protocolProfileBehavior":{"disableBodyPruning":true},"request":{"auth":{"type":"bearer","bearer":[{"key":"token","value":"{{BearerToken}}","type":"string"}]},"method":"GET","header":[],"url":{"raw":"{{baseUrl}}/booking/:id/","host":["{{baseUrl}}"],"path":["booking",":id",""],"variable":[{"id":"bf300a0e-0ca1-4ac3-9fe8-ad037d5b4350","key":"id","value":"590362","description":"(Required) A unique integer value identifying this booking."}]}},"response":[{"id":"f9ce5fde-83d7-4bc4-b2d7-d9df25ddbcb5","name":"booking retrieve","originalRequest":{"method":"GET","header":[],"url":{"raw":"{{baseUrl}}/booking/:id/","host":["{{baseUrl}}"],"path":["booking",":id",""],"variable":[{"key":"id","value":"1","description":"(Required) A unique integer value identifying this booking."}]}},"status":"OK","code":200,"_postman_previewlanguage":"json","header":[{"key":"Date","value":"Sun, 06 Feb 2022 21:16:45 GMT"},{"key":"Server","value":"WSGIServer/0.2 CPython/3.9.7"},{"key":"Content-Type","value":"application/json"},{"key":"Vary","value":"Accept"},{"key":"Allow","value":"GET, PUT, PATCH, DELETE, HEAD, OPTIONS"},{"key":"X-Frame-Options","value":"DENY"},{"key":"Content-Length","value":"118"},{"key":"X-Content-Type-Options","value":"nosniff"},{"key":"Referrer-Policy","value":"same-origin"},{"key":"Cross-Origin-Opener-Policy","value":"same-origin"}],"cookie":[],"responseTime":null,"body":"{\n    \"table\": 2,\n    \"booking_date_time_start\": \"2022-02-07T14:19:00Z\",\n    \"booking_date_time_end\": \"2022-02-07T14:18:00Z\",\n    \"people\": 4\n}"}]},{"name":"booking destroy","id":"0bda7a65-892b-4b99-a84e-4ead19910196","protocolProfileBehavior":{"disableBodyPruning":true},"request":{"auth":{"type":"bearer","bearer":[{"key":"token","value":"{{BearerToken}}","type":"string"}]},"method":"DELETE","header":[],"url":{"raw":"{{baseUrl}}/booking/:id/","host":["{{baseUrl}}"],"path":["booking",":id",""],"variable":[{"key":"id","value":"2","description":"(Required) A unique integer value identifying this booking."}]}},"response":[{"id":"f4361e90-d242-448d-8d5f-9c817cf85858","name":"booking destroy","originalRequest":{"method":"DELETE","header":[],"url":{"raw":"{{baseUrl}}/booking/:id/","host":["{{baseUrl}}"],"path":["booking",":id",""],"variable":[{"key":"id","value":"2","description":"(Required) A unique integer value identifying this booking."}]}},"status":"No Content","code":204,"_postman_previewlanguage":"plain","header":[{"key":"Date","value":"Sun, 06 Feb 2022 21:17:21 GMT"},{"key":"Server","value":"WSGIServer/0.2 CPython/3.9.7"},{"key":"Vary","value":"Accept"},{"key":"Allow","value":"GET, PUT, PATCH, DELETE, HEAD, OPTIONS"},{"key":"X-Frame-Options","value":"DENY"},{"key":"Content-Length","value":"0"},{"key":"X-Content-Type-Options","value":"nosniff"},{"key":"Referrer-Policy","value":"same-origin"},{"key":"Cross-Origin-Opener-Policy","value":"same-origin"}],"cookie":[],"responseTime":null,"body":null}]}],"id":"825e3f01-5809-41e0-8f63-0943ca9760c1"},{"name":"booking list","id":"fe7ef63d-0889-46eb-9e89-b8a6b371c2b5","protocolProfileBehavior":{"disableBodyPruning":true},"request":{"auth":{"type":"bearer","bearer":[{"key":"token","value":"{{BearerToken}}","type":"string"}]},"method":"GET","header":[],"url":{"raw":"{{baseUrl}}/booking/","host":["{{baseUrl}}"],"path":["booking",""]}},"response":[{"id":"347adb61-239a-4f3d-94b1-09b468b1bf77","name":"booking list","originalRequest":{"method":"GET","header":[],"url":{"raw":"{{baseUrl}}/booking/","host":["{{baseUrl}}"],"path":["booking",""]}},"status":"OK","code":200,"_postman_previewlanguage":"json","header":[{"key":"Date","value":"Sun, 06 Feb 2022 21:16:20 GMT"},{"key":"Server","value":"WSGIServer/0.2 CPython/3.9.7"},{"key":"Content-Type","value":"application/json"},{"key":"Vary","value":"Accept"},{"key":"Allow","value":"GET, POST, HEAD, OPTIONS"},{"key":"X-Frame-Options","value":"DENY"},{"key":"Content-Length","value":"289"},{"key":"X-Content-Type-Options","value":"nosniff"},{"key":"Referrer-Policy","value":"same-origin"},{"key":"Cross-Origin-Opener-Policy","value":"same-origin"}],"cookie":[],"responseTime":null,"body":"{\n    \"count\": 2,\n    \"next\": null,\n    \"previous\": null,\n    \"results\": [\n        {\n            \"table\": 2,\n            \"booking_date_time_start\": \"2022-02-07T14:19:00Z\",\n            \"booking_date_time_end\": \"2022-02-07T14:18:00Z\",\n            \"people\": 4\n        },\n        {\n            \"table\": 2,\n            \"booking_date_time_start\": \"2022-02-07T14:19:00Z\",\n            \"booking_date_time_end\": \"2022-02-07T14:20:00Z\",\n            \"people\": 4\n        }\n    ]\n}"}]},{"name":"booking create","id":"8487c423-c048-43e0-85f8-6f7fa1e548d6","protocolProfileBehavior":{"disableBodyPruning":true},"request":{"auth":{"type":"bearer","bearer":[{"key":"token","value":"{{BearerToken}}","type":"string"}]},"method":"POST","header":[{"key":"Content-Type","value":"application/x-www-form-urlencoded"}],"body":{"mode":"urlencoded","urlencoded":[{"key":"booking_date_time_start","value":"2022-02-07T14:19:00+0000","description":"(Required) "},{"key":"booking_date_time_end","value":"2022-02-07T14:20:00+0000","description":"(Required) "},{"key":"people","value":"4","description":"(Required) "},{"key":"restaurant","value":"1","description":"(Required) "}]},"url":{"raw":"{{baseUrl}}/booking/","host":["{{baseUrl}}"],"path":["booking",""]}},"response":[{"id":"7793b063-43f3-478a-a395-467d761d53cd","name":"booking create","originalRequest":{"method":"POST","header":[{"key":"Content-Type","value":"application/x-www-form-urlencoded"}],"body":{"mode":"urlencoded","urlencoded":[{"key":"booking_date_time_start","value":"2022-02-07T14:19:00+0000","description":"(Required) "},{"key":"booking_date_time_end","value":"2022-02-07T14:20:00+0000","description":"(Required) "},{"key":"people","value":"4","description":"(Required) "},{"key":"restaurant","value":"1","description":"(Required) "}]},"url":{"raw":"{{baseUrl}}/booking/","host":["{{baseUrl}}"],"path":["booking",""]}},"status":"OK","code":200,"_postman_previewlanguage":"json","header":[{"key":"Date","value":"Sun, 06 Feb 2022 21:16:01 GMT"},{"key":"Server","value":"WSGIServer/0.2 CPython/3.9.7"},{"key":"Content-Type","value":"application/json"},{"key":"Vary","value":"Accept"},{"key":"Allow","value":"GET, POST, HEAD, OPTIONS"},{"key":"X-Frame-Options","value":"DENY"},{"key":"Content-Length","value":"67"},{"key":"X-Content-Type-Options","value":"nosniff"},{"key":"Referrer-Policy","value":"same-origin"},{"key":"Cross-Origin-Opener-Policy","value":"same-origin"}],"cookie":[],"responseTime":null,"body":"{\n    \"status\": \" create booking success\",\n    \"data\": {\n        \"booking\": 2,\n        \"table\": 2\n    }\n}"}]}],"id":"006f8fec-88b1-46e1-b78f-cae43d4cd67e"},{"name":"table","item":[{"name":"{id}","item":[{"name":"table retrieve","id":"044f9983-f570-4e5c-89e0-d1e61c8fcb0c","protocolProfileBehavior":{"disableBodyPruning":true},"request":{"auth":{"type":"bearer","bearer":[{"key":"token","value":"{{BearerToken}}","type":"string"}]},"method":"GET","header":[],"url":{"raw":"{{baseUrl}}/table/:id/","host":["{{baseUrl}}"],"path":["table",":id",""],"variable":[{"key":"id","value":"2","description":"(Required) A unique integer value identifying this table."}]}},"response":[{"id":"c139c9e8-f1d1-4472-9635-b84e991789e1","name":"table retrieve (Admin)","originalRequest":{"method":"GET","header":[],"url":{"raw":"{{baseUrl}}/table/:id/","host":["{{baseUrl}}"],"path":["table",":id",""],"variable":[{"key":"id","value":"2","description":"(Required) A unique integer value identifying this table."}]}},"status":"OK","code":200,"_postman_previewlanguage":"json","header":[{"key":"Date","value":"Sun, 06 Feb 2022 19:59:11 GMT"},{"key":"Server","value":"WSGIServer/0.2 CPython/3.9.7"},{"key":"Content-Type","value":"application/json"},{"key":"Vary","value":"Accept"},{"key":"Allow","value":"GET, PUT, PATCH, DELETE, HEAD, OPTIONS"},{"key":"X-Frame-Options","value":"DENY"},{"key":"Content-Length","value":"32"},{"key":"X-Content-Type-Options","value":"nosniff"},{"key":"Referrer-Policy","value":"same-origin"},{"key":"Cross-Origin-Opener-Policy","value":"same-origin"}],"cookie":[],"responseTime":null,"body":"{\n    \"id\": 2,\n    \"restaurant\": 1,\n    \"size\": 4\n}"},{"id":"155b5177-d068-4424-86fa-40ca1c218853","name":"Unauthorized user (Employee)","originalRequest":{"method":"GET","header":[],"url":{"raw":"{{baseUrl}}/table/:id/","host":["{{baseUrl}}"],"path":["table",":id",""],"variable":[{"key":"id","value":"2","description":"(Required) A unique integer value identifying this table."}]}},"status":"Forbidden","code":403,"_postman_previewlanguage":"json","header":[{"key":"Date","value":"Sun, 06 Feb 2022 21:17:54 GMT"},{"key":"Server","value":"WSGIServer/0.2 CPython/3.9.7"},{"key":"Content-Type","value":"application/json"},{"key":"Vary","value":"Accept"},{"key":"Allow","value":"GET, PUT, PATCH, DELETE, HEAD, OPTIONS"},{"key":"X-Frame-Options","value":"DENY"},{"key":"Content-Length","value":"63"},{"key":"X-Content-Type-Options","value":"nosniff"},{"key":"Referrer-Policy","value":"same-origin"},{"key":"Cross-Origin-Opener-Policy","value":"same-origin"}],"cookie":[],"responseTime":null,"body":"{\n    \"detail\": \"You do not have permission to perform this action.\"\n}"}]},{"name":"table destroy","id":"8700cf85-6a2c-4fd9-831a-6d0c21cff188","protocolProfileBehavior":{"disableBodyPruning":true},"request":{"auth":{"type":"bearer","bearer":[{"key":"token","value":"{{BearerToken}}","type":"string"}]},"method":"DELETE","header":[],"url":{"raw":"{{baseUrl}}/table/:id/","host":["{{baseUrl}}"],"path":["table",":id",""],"variable":[{"key":"id","value":"5","description":"(Required) A unique integer value identifying this table."}]}},"response":[{"id":"f685033d-d0e3-4483-8372-8917de332f03","name":"No response body","originalRequest":{"method":"DELETE","header":[{"description":"Added as a part of security scheme: bearer","key":"Authorization","value":"Bearer <token>"}],"url":{"raw":"{{baseUrl}}/table/:id/","host":["{{baseUrl}}"],"path":["table",":id",""],"variable":[{"key":"id","value":"5","description":"(Required) A unique integer value identifying this table."}]}},"status":"No Content","code":204,"_postman_previewlanguage":"text","header":[{"key":"Content-Type","value":"text/plain"}],"cookie":[],"responseTime":null,"body":""}]}],"id":"1ea9cde0-d874-4c58-be5c-98b8ff1793e8"},{"name":"table list","id":"0db95d2d-fbdc-4de8-9c4b-c6c4031293ca","protocolProfileBehavior":{"disableBodyPruning":true},"request":{"auth":{"type":"bearer","bearer":[{"key":"token","value":"{{BearerToken}}","type":"string"}]},"method":"GET","header":[],"url":{"raw":"{{baseUrl}}/table/","host":["{{baseUrl}}"],"path":["table",""]}},"response":[{"id":"0ecb71d1-155f-42a9-b51d-edd6cb1a5c73","name":"table list","originalRequest":{"method":"GET","header":[],"url":{"raw":"{{baseUrl}}/table/","host":["{{baseUrl}}"],"path":["table",""]}},"status":"OK","code":200,"_postman_previewlanguage":"json","header":[{"key":"Date","value":"Sun, 06 Feb 2022 19:58:18 GMT"},{"key":"Server","value":"WSGIServer/0.2 CPython/3.9.7"},{"key":"Content-Type","value":"application/json"},{"key":"Vary","value":"Accept"},{"key":"Allow","value":"GET, POST, HEAD, OPTIONS"},{"key":"X-Frame-Options","value":"DENY"},{"key":"Content-Length","value":"84"},{"key":"X-Content-Type-Options","value":"nosniff"},{"key":"Referrer-Policy","value":"same-origin"},{"key":"Cross-Origin-Opener-Policy","value":"same-origin"}],"cookie":[],"responseTime":null,"body":"{\n    \"count\": 1,\n    \"next\": null,\n    \"previous\": null,\n    \"results\": [\n        {\n            \"id\": 1,\n            \"restaurant\": 1,\n            \"size\": 2\n        }\n    ]\n}"}]},{"name":"table create","id":"5e305251-d7de-4073-abb2-8d492d3b8af7","protocolProfileBehavior":{"disableBodyPruning":true},"request":{"auth":{"type":"bearer","bearer":[{"key":"token","value":"{{BearerToken}}","type":"string"}]},"method":"POST","header":[{"key":"Content-Type","value":"application/x-www-form-urlencoded"}],"body":{"mode":"urlencoded","urlencoded":[{"key":"restaurant","value":"1","description":"(Required) "},{"key":"size","value":"4","description":"(Required) "}]},"url":{"raw":"{{baseUrl}}/table/","host":["{{baseUrl}}"],"path":["table",""]}},"response":[{"id":"0926ae5a-8cdd-4fd5-90b7-c9a94661a576","name":"table create","originalRequest":{"method":"POST","header":[{"key":"Content-Type","value":"application/x-www-form-urlencoded"}],"body":{"mode":"urlencoded","urlencoded":[{"key":"restaurant","value":"1","description":"(Required) "},{"key":"size","value":"4","description":"(Required) "}]},"url":{"raw":"{{baseUrl}}/table/","host":["{{baseUrl}}"],"path":["table",""]}},"status":"OK","code":200,"_postman_previewlanguage":"json","header":[{"key":"Date","value":"Sun, 06 Feb 2022 19:58:28 GMT"},{"key":"Server","value":"WSGIServer/0.2 CPython/3.9.7"},{"key":"Content-Type","value":"application/json"},{"key":"Vary","value":"Accept"},{"key":"Allow","value":"GET, POST, HEAD, OPTIONS"},{"key":"X-Frame-Options","value":"DENY"},{"key":"Content-Length","value":"66"},{"key":"X-Content-Type-Options","value":"nosniff"},{"key":"Referrer-Policy","value":"same-origin"},{"key":"Cross-Origin-Opener-Policy","value":"same-origin"}],"cookie":[],"responseTime":null,"body":"{\n    \"status\": \"create table success\",\n    \"data\": {\n        \"restaurant\": 1,\n        \"size\": 4\n    }\n}"}]}],"id":"2d1acde1-5cd5-45bf-8b20-b6d866d3e81b"},{"name":"token","item":[{"name":"token create","id":"7e9ddab5-fcfc-4262-aa38-daaa6e122775","protocolProfileBehavior":{"disableBodyPruning":true},"request":{"auth":{"type":"noauth"},"method":"POST","header":[{"key":"Content-Type","value":"application/json"}],"body":{"mode":"raw","raw":"{\r\n  \"staffnumber\": \"1111\",\r\n  \"password\": \"12345678\"\r\n}","options":{"raw":{"language":"json"}}},"url":{"raw":"{{baseUrl}}/token/","host":["{{baseUrl}}"],"path":["token",""]},"description":"Takes a set of user credentials and returns an access and refresh JSON web\ntoken pair to prove the authentication of those credentials."},"response":[{"id":"9752e019-86bd-4b89-be7e-1b2367e2ca31","name":"response","originalRequest":{"method":"POST","header":[],"body":{"mode":"urlencoded","urlencoded":[{"description":"(Required) ","key":"password","value":"cillum nostrud dolore tempor cup"},{"description":"(Required) ","key":"username","value":"quis eiusmod ea Excepteur"},{"key":"proident741","value":"47570198"},{"key":"occaecat425","value":"tempor ut exercitation ad est"}]},"url":{"raw":"{{baseUrl}}/token/","host":["{{baseUrl}}"],"path":["token",""]}},"status":"OK","code":200,"_postman_previewlanguage":"json","header":[{"key":"Content-Type","value":"application/json"}],"cookie":[],"responseTime":null,"body":"{\n \"access\": \"velit Excepteur sint\",\n \"refresh\": \"pariatur Duis occaecat\",\n \"pariatur4cd\": 4635460,\n \"irurec2\": 48312251.16345662\n}"}]},{"name":"api token refresh create","id":"07fffe32-4feb-443a-8794-08b4d695256e","protocolProfileBehavior":{"disableBodyPruning":true},"request":{"method":"POST","header":[{"key":"Content-Type","value":"application/x-www-form-urlencoded"}],"body":{"mode":"urlencoded","urlencoded":[{"key":"refresh","value":"{{BearerToken}}","description":"(Required) "},{"key":"dolored5","value":"-84390026"}]},"url":{"raw":"{{baseUrl}}/token/refresh/","host":["{{baseUrl}}"],"path":["token","refresh",""]},"description":"Takes a refresh type JSON web token and returns an access type JSON web\ntoken if the refresh token is valid."},"response":[{"id":"2e67afd2-1915-4839-8221-f0f273f3fc02","name":"response","originalRequest":{"method":"POST","header":[],"body":{"mode":"urlencoded","urlencoded":[{"description":"(Required) ","key":"refresh","value":"nostrud fugiat anim consequat nisi"},{"key":"dolored5","value":"-84390026"}]},"url":{"raw":"{{baseUrl}}/api/token/refresh/","host":["{{baseUrl}}"],"path":["api","token","refresh",""]}},"status":"OK","code":200,"_postman_previewlanguage":"json","header":[{"key":"Content-Type","value":"application/json"}],"cookie":[],"responseTime":null,"body":"{\n \"access\": \"sed tempor elit\",\n \"occaecat17\": 23836998.205715567\n}"}]}],"id":"48e21574-c217-4639-bc55-b985eb05d8a1"}],"event":[{"listen":"prerequest","script":{"id":"1a612b1e-0e72-4882-8255-a4b2e08102d5","type":"text/javascript","exec":[""]}},{"listen":"test","script":{"id":"820497d8-3906-4ddd-bc32-377ac6efb98e","type":"text/javascript","exec":[""]}}],"variable":[{"id":"0e63fe95-8d6d-4581-a29d-19f1d58a3db6","key":"baseUrl","value":"/"}]}